id,max_cos
te00000,0.3741680584395174
te00001,0.5265030148343273
te00003,0.4167789969592208
te00004,0.31024809968924993
te00005,0.323716673730071
te00006,0.2825886151658259
te00007,0.3399504406331542
te00009,0.47367928140553406
te00010,0.6707556868071411
te00011,0.3115050313246976
te00012,0.4144444121966606
te00014,0.43662658364282214
te00016,0.35564563205830685
te00017,0.2361507475852437
te00020,0.2543869700203374
te00022,0.6258530282955533
te00023,0.414125855651356
te00024,0.353257110881289
te00026,0.507904636829513
te00029,0.22890984326211236
te00030,0.37111533167259875
te00031,0.3651214392574411
te00032,0.35527984435888593
te00036,0.37341435053303057
te00038,0.4810938492049477
te00039,0.489982568382072
te00040,0.22921237951310477
te00043,0.6884141230230983
te00044,0.2730157443571135
te00045,0.21765842198235216
te00047,0.3133665416494182
te00049,0.3864085220533004
te00050,0.4766995646755777
te00051,0.3998481301676982
te00052,0.24631573603013948
te00053,0.8550941814004225
te00056,0.3647397707857847
te00057,0.31016382310708523
te00058,0.44028979032249843
te00059,0.3852156828978313
te00061,0.2522058070505048
te00062,0.2900990964921247
te00063,0.723599706449798
te00065,0.6852776137103781
te00066,0.39922861271369603
te00067,0.44602179555369953
te00069,0.4874887967690245
te00070,0.2962836685374735
te00071,0.4276665140210981
te00073,0.47961923601126094
te00074,0.27061332029776475
te00076,0.5757964634608264
te00077,0.23642863249996723
te00084,0.3807414628124961
te00085,0.47204298168818465
te00086,0.27999117688435643
te00087,0.2495685374633784
te00088,0.45330912938080986
te00089,0.2790952504917951
te00092,0.6002938953313474
te00093,0.34321902632151446
te00098,0.6297042018826852
te00100,0.8469343039744212
te00101,0.7166031104454894
te00102,0.28358402909335023
te00103,0.33293886263079464
te00104,0.3647397707857847
te00106,0.5329024083679442
te00111,0.6487126137248121
te00112,0.31331360958400506
te00113,0.32098676040274354
te00114,0.19001250503467643
te00115,0.25032798850155225
te00116,0.373855752497512
te00117,0.21752058434165109
te00119,0.33868395597200834
te00120,0.3703773143957344
te00123,0.32077027348526055
te00127,0.3259907008670315
te00128,0.394308007560866
te00129,0.1606704503222825
te00131,0.3534863920427919
te00133,0.2777489781811527
te00135,0.632764838816236
te00136,0.504367663205507
te00137,0.6727450611663874
te00138,0.5126078724212503
te00141,0.260636468744303
te00142,0.39488309808050676
te00145,0.4781920457502338
te00147,0.34574694994575844
te00148,0.535922259557073
te00149,0.4098574841168818
te00151,0.26172950007264706
te00154,0.5359617190094088
te00156,0.7451879482659729
te00157,0.6015437398334441
te00158,0.49380094477408193
te00159,0.889019889144778
te00160,0.6637933441935396
te00163,0.27903761026871
te00164,0.30471827691487774
te00166,0.4610548367646365
te00168,0.27258153316415745
te00169,0.20377581555555796
te00170,0.7288783163446255
te00171,0.3115701388084665
te00172,0.5312282091797313
te00173,0.2370744270174814
te00174,0.37435593971099074
te00178,0.9108936728104912
te00179,0.5045947837757201
te00180,0.45455224756310075
te00181,0.25247472163209017
te00182,0.7544455343998699
te00183,0.35426180482373987
te00185,0.5396707883155911
te00186,0.7568599869788538
te00187,0.634403800578179
te00189,0.42254154251392684
te00190,0.3718534551111991
te00191,0.3739389713034525
te00193,0.38952529951637144
te00194,0.25428524235511973
te00195,0.37575900726803846
te00196,0.4301360237809942
te00197,0.29170245891980306
te00199,0.4755552418374828
te00200,0.42913485173667865
te00202,0.7008596812306006
te00203,0.4153626983753695
te00204,0.28353156149973135
te00205,0.4854437488787847
te00207,0.5733433902283204
te00208,0.4856243559709659
te00209,0.3339514626365509
te00210,0.26518286078118813
te00211,0.23859219380589225
te00212,0.5827523430423747
te00214,0.5862926859718799
te00216,0.6001156433537116
te00218,0.5963590755075128
te00220,0.3198674610408565
te00221,0.3346772615205291
te00222,0.3208622626693629
te00223,0.6896646136941602
te00226,0.22381083837191215
te00227,0.49273119463786386
te00228,0.9757707816473433
te00229,0.2790155082826556
te00230,0.5521909386355032
te00231,0.29248528695646414
te00232,0.30921898314212287
te00236,0.30220395775444087
te00237,0.2069446544636558
te00241,0.5177299086369418
te00243,0.5633145905216649
te00244,0.30831386846722175
te00245,0.25007282175438716
te00247,0.32512331893930624
te00249,0.43751238790577074
te00253,0.2745303673616389
te00254,0.3267307703434344
te00255,0.3147381588305573
te00257,0.6384604773188667
te00261,0.6380011062704266
te00262,0.2997848769945622
te00263,0.27683408089064016
te00264,0.7970235061158629
te00265,0.2808450768358119
te00266,0.5161710756655508
te00267,0.2901789340349397
te00268,0.554178142286068
te00269,0.43711391351807793
te00271,0.3537860023393543
te00272,0.6111548073454603
te00273,0.2595244745698842
te00274,0.3204916234169799
te00275,0.25678160635402747
te00276,0.2799698659700586
te00277,0.47049741121768035
te00278,0.35456121330189916
te00279,0.16857833789593082
te00280,0.5769213988708195
te00281,0.42242937041672257
te00283,0.4623447650981702
te00284,0.3655413747609497
te00285,0.3929438744773668
te00287,0.47305531002130896
te00288,0.4918931738441328
te00289,0.3449681653245559
te00290,0.39584594901130027
te00291,0.3085445504714377
te00293,0.45431212843717006
te00295,0.6259196899866633
te00296,0.6088419090296946
te00299,0.25814697213555654
te00301,0.49273119463786386
te00302,0.5129245384135452
te00303,0.5076382840660666
te00305,0.3926273844344489
te00310,0.368410974372375
te00311,0.4807719580575636
te00312,0.2698873180464931
te00313,0.2803799568523388
te00315,0.2520266715172441
te00319,0.31585774269624706
te00320,0.2988675266935811
te00321,0.3054713404323943
te00324,0.2883383565752055
te00326,0.7640994415325312
te00327,0.47650963145825587
te00328,0.6722629254766846
te00330,0.3473806161804376
te00332,0.2668843834194785
te00335,0.24321575154370806
te00337,0.49762684873210217
te00338,0.36690956184442336
te00339,0.5117828435873435
te00340,0.578771866516856
te00341,0.43623813461105965
te00344,0.38216915817119895
te00345,0.35452177870215007
te00346,0.927965268085038
te00347,0.7835433695073497
te00349,0.4874026321303745
te00350,0.3875013663931431
te00352,0.443499132561639
te00355,0.7166031104454894
te00356,0.30891353974487995
te00357,0.40933051877630844
te00361,0.37238548005127275
te00364,0.5946149218642329
te00365,0.456659405091688
te00368,0.45167430385027496
te00370,0.4279890702306798
te00375,0.5058246249566325
te00376,0.48414507507515164
te00379,0.8050160262882491
te00380,0.5875611438754276
te00381,0.22010769959699744
te00383,0.6310200796915288
te00384,0.17679066805789742
te00386,0.5521241876575665
te00387,0.7343521972772092
te00389,0.4623447650981702
te00390,0.32032924883142394
te00391,0.3187848460301575
te00394,0.3535222937520468
te00395,0.44486026354061164
te00396,0.6961466360192294
te00397,0.6174763285132393
te00398,0.24539153277082945
te00399,0.5334041094571229
te00400,0.3962931773408691
te00401,0.44794068724487285
te00402,0.3947778397667408
te00403,0.47663929933573695
te00404,0.3743376523629684
te00405,0.3059145876224602
te00407,0.3107412180668973
te00408,0.44657975056183186
te00410,0.5444647874414585
te00411,0.7010186493484826
te00412,0.8695728670024027
te00413,0.3265446114518774
te00415,0.3558291416324304
te00416,0.6108111834083315
te00417,0.3784269435524904
te00418,0.2761807207508959
te00419,0.3715637536174775
te00420,0.47192948909055465
te00423,0.37012600543794716
te00425,0.4165111788362254
te00426,0.1639379837409368
te00427,0.3422163545622458
te00428,0.4342904743245448
te00429,0.663485808227116
te00430,0.22999029339819196
te00431,0.2925580340173095
te00432,0.4922710076967747
te00435,0.29292123272371123
te00437,0.3935398431023653
te00438,0.36835123038640755
te00439,0.6266159905531703
te00440,0.4282319431124963
te00441,0.4385345483073087
te00444,0.3368716687020261
te00445,0.3199730070369091
te00446,0.3592333938212477
te00447,0.3827693732163601
te00449,0.6030701243925327
te00450,0.24659411844028487
te00451,0.25057484052887014
te00452,0.2678170758732817
te00453,0.5192601144920701
te00454,0.6652081708961791
te00456,0.5323385198143962
te00457,0.7970235061158629
te00458,0.35796358212799456
te00459,0.3507176781332777
te00460,0.29668182872674415
te00461,0.7566070390679075
te00462,0.39426328426835605
te00463,0.379481606251276
te00464,0.3450739705620581
te00465,0.4781859476016688
te00466,0.3776094305404926
te00467,0.5522767013332829
te00469,0.3545030646903231
te00470,0.39064471563501424
te00474,0.5758594655469034
te00477,0.4521526827177231
te00478,0.30921715562210866
te00479,0.45436601328182347
te00480,0.42577117573675577
te00481,0.3590449484666475
te00484,0.20475286684804284
te00485,0.338024424567723
te00488,0.4448827531354617
te00489,0.35574363546182936
te00492,0.5983949163343115
te00493,0.3111544954019628
te00494,0.23723641264375803
te00496,0.3628852752414566
te00497,0.41805711088035147
te00498,0.3855271810999017
te00500,0.8663433484999068
te00501,0.6652175887878559
te00503,0.27175194122409263
te00505,0.6771250465549121
te00506,0.6361431128044619
te00507,0.5762168635076081
te00508,0.33084008955196853
te00509,0.9868790804756234
te00513,0.3073271999139014
te00515,0.3991422077988845
te00517,0.3405346143317812
te00519,0.29085737235700815
te00520,0.23097165978933676
te00522,0.4859180609133192
te00526,0.2962836685374735
te00527,0.6948827050193546
te00528,0.2817338297675646
te00529,0.1945039792468703
te00531,0.46548986535614245
te00532,0.25598329111357976
te00533,0.430676519021665
te00537,0.23808507036975818
te00538,0.30273102639815763
te00539,0.34927413445241134
te00540,0.37418653647970596
te00544,0.26686972980116497
te00545,0.4249433842005511
te00547,0.24828509572873406
te00548,0.30733535821423097
te00549,0.4516362507090483
te00550,0.3979185493010059
te00551,0.6359016318609213
te00552,0.4983302928765004
te00553,0.2405008790171839
te00554,0.27397443992412335
te00556,0.30819843343140146
te00557,0.38313220565874934
te00558,0.37012600543794716
te00559,0.2859342468805132
te00563,0.32786897700996037
te00564,0.6836602058955945
te00565,0.46518988965434316
te00566,0.6430961013598891
te00567,0.3324440449385517
te00568,0.3070682258563484
te00570,0.4062578016996987
te00573,0.6280928397496189
te00574,0.36612509449668895
te00576,0.33675766588049305
te00577,0.36739469484117376
te00579,0.31347110091458724
te00582,0.34146152142289626
te00583,0.310668906609102
te00584,0.4420013115623363
te00585,0.5424847135237044
te00586,0.31144237579440553
te00587,0.5521424054076669
te00589,0.4813388052507537
te00590,0.49057188881750974
te00591,0.36877149198492254
te00592,0.751010724452141
te00593,0.6264750438988054
te00594,0.35012088540420233
te00595,0.2581198737986875
te00596,0.48250647079028625
te00597,0.3847538685851946
te00598,0.24709385136770917
te00602,0.5523369953289312
te00603,0.5593765254315648
te00604,0.21922660445849573
te00605,0.3103402252977315
te00606,0.37331224836302784
te00607,0.3860336126094076
te00608,0.26055905260784695
te00609,0.5125255488196937
te00610,0.30472471637891957
te00611,0.32672438525318875
te00615,0.333604537469455
te00618,0.5369926765934702
te00619,0.6081687190560412
te00624,0.30425598636030887
te00625,0.3546910360784424
te00629,0.20908946656182364
te00630,0.32797839055688666
te00632,0.47224108914263224
te00633,0.234417320751198
te00634,0.4724135098037285
te00636,0.33765722063567083
te00637,0.22551222509731833
te00640,0.3508829021004987
te00642,0.29970257896363395
te00643,0.5042786845000353
te00644,0.6136726338953443
te00645,0.4225633534107626
te00646,0.46902827769772354
te00647,0.48805408958413554
te00649,0.25976549003495947
te00650,0.30231361021271
te00655,0.298753284911249
te00657,0.5788575418282673
te00659,0.4974203232854533
te00660,0.3324903588467144
te00661,0.3513596008354227
te00662,0.28574918874819094
te00663,0.3441751482289402
te00665,0.22010769959699744
te00666,0.20984976331298597
te00667,0.45561110574562763
te00668,0.46336863656669575
te00669,0.6847866752274243
te00671,0.31024809968924993
te00672,0.23937575831737798
te00674,0.3760363410616188
te00675,0.7309197926923211
te00677,0.799733105969548
te00678,0.4329705941683589
te00681,0.3277164346313935
te00682,0.24967602673808764
te00683,0.32762927162755956
te00684,0.5197107837959762
te00686,0.5618174228761375
te00687,0.21283540293572126
te00690,0.42616874117405973
te00692,0.8022625801105917
te00693,0.35052296162045987
te00695,0.26365057159704114
te00696,0.30683608256166983
te00698,0.2526099985630158
te00699,0.5896557705240346
te00700,0.583247561557756
te00701,0.38699395060570546
te00703,0.7197943146808949
te00705,0.37418653647970596
te00707,0.678053537719437
te00708,0.36397865141500363
te00710,0.32391070016079104
te00712,0.7857835979903336
te00713,0.69274510703565
te00714,0.700481745322732
te00717,0.35931818792202325
te00719,0.4268184091480209
te00722,0.33963226655491546
te00725,0.23389296062087997
te00726,0.56500885018736
te00727,0.19988571067944794
te00728,0.29320066143115303
te00729,0.3232060600676378
te00730,0.5195170392670913
te00731,0.37722854737703637
te00732,0.3860629077590486
te00733,0.5902767589261135
te00736,0.32806692059827924
te00737,0.3484771116755178
te00738,0.30407489159854867
te00740,0.5415397650118191
te00741,0.31628035279388095
te00742,0.406596732729529
te00743,0.19879360121605497
te00745,0.2931043235489293
te00746,0.3348539749855541
te00748,0.32032924883142394
te00749,0.2864342664097936
te00753,0.33084008955196853
te00755,0.42507842301881765
te00756,0.3287792284955813
te00757,0.24882094722674028
te00759,0.5135071886521207
te00760,0.3293471361833226
te00761,0.33586868316734664
te00762,0.6302111396135893
te00764,0.5844667820434879
te00767,0.30468912527452713
te00768,0.3286300125106485
te00769,0.5018689612936073
te00770,0.2038770494669941
te00772,0.9108936728104912
te00773,0.2512496249158974
te00774,0.24457436031763988
te00775,0.41037323263197795
te00776,0.39898713950451137
te00777,0.6896646136941602
te00778,0.2020031365230265
te00780,0.5778003603571871
te00782,0.521310290449001
te00783,0.5607955821594278
te00786,0.5148387351098819
te00787,0.20583628611912863
te00790,0.3204187684142677
te00791,0.4724497389819898
te00795,0.5098849724073036
te00797,0.4028605269686597
te00798,0.4099220826804169
te00801,0.33983495555534804
te00803,0.24440398734898
te00804,0.2703592529605663
te00805,0.82694276464248
te00807,0.5288766578978756
te00808,0.2598356675423622
te00809,0.33868188630193424
te00810,0.4338053249981206
te00811,0.3602055674695189
te00812,0.33103087827771216
te00813,0.3738182870781281
te00814,0.54622148165258
te00816,0.5870897169814429
te00817,0.3369928668146311
te00819,0.5038377687675185
te00820,0.28262961222832034
te00821,0.8099368951920772
te00822,0.33680114891614665
te00823,0.36829258089059697
te00824,0.4521858967291267
te00828,0.4316436555358447
te00829,0.3048335879659008
te00830,0.4170448533479724
te00832,0.4357244687785889
te00834,0.7561647492990697
te00835,0.2622261424532486
te00836,0.485110616180132
te00839,0.5226037271463733
te00840,0.3335636682396937
te00841,0.30069805922530934
te00844,0.4188741444906587
te00845,0.5662768662285412
te00846,0.45681156623627844
te00849,0.7165575046934566
te00850,0.4421342728829766
te00852,0.8702846213702773
te00853,0.36414474555193993
te00854,0.2620474450030757
te00857,0.32163700458076483
te00861,0.37014122994235765
te00863,0.41865700257667426
te00865,0.42125238828573475
te00867,0.3222673560375919
te00868,0.6201313141080514
te00871,0.371694531966059
te00873,0.5412342489248777
te00874,0.39419159223722255
te00878,0.5469113840331212
te00879,0.5551762220552678
te00882,0.4424913738589567
te00885,0.3344435868618041
te00886,0.8348207083457054
te00887,0.37808927671653536
te00889,0.45561110574562763
te00890,0.33342205954477705
te00891,0.24195191171854805
te00892,0.46555753637475655
te00893,0.35548957499888606
te00897,0.5898016039536986
te00898,0.6722254837811866
te00899,0.19880354729968566
te00900,0.5878312580897159
te00901,0.45355392595211
te00902,0.26401361790872835
te00903,0.4049732193609103
te00904,0.32946094327943737
te00907,0.27396056877744074
te00909,0.21263330186913662
te00911,0.2911587949403788
te00912,0.2581195330098764
te00914,0.3424013186067979
te00915,0.6256778722511416
te00920,0.87016880270232
te00922,0.4714760663625554
te00923,0.33997018435142634
te00924,0.24676665375209145
te00925,0.3104662060338759
te00926,0.35558127706309717
te00928,0.42087584203592315
te00929,0.33473130858524625
te00930,0.40961872926257664
te00931,0.39517800559928407
te00932,0.7630758161635438
te00933,0.3929438744773668
te00934,0.2566975420512213
te00935,0.605348969289463
te00936,0.5141284864710874
te00938,0.3172861993466154
te00940,0.5423896952667876
te00943,0.41577181865751445
te00947,0.5814420010774958
te00948,0.38259535649969706
te00949,0.29573974515011836
te00951,0.5894010235941823
te00955,0.3472598263001668
te00956,0.43214695098421363
te00957,0.6447155283202324
te00958,0.5847495372980743
te00959,0.35857717055325006
te00960,0.4110396794744601
te00962,0.2799101484363771
te00963,0.3228576126706731
te00964,0.3384287993598315
te00966,0.3947153568501624
te00968,0.38694238358162836
te00969,0.2699326291526791
te00970,0.3792369885261386
te00971,0.5576384314281182
te00972,0.6201313141080514
te00973,0.2310395513933491
te00975,0.4683368213581628
te00976,0.3470106131887219
te00985,0.40284230416253186
te00987,0.45815470261175073
te00989,0.3163435616355077
te00990,0.5598670487087299
te00991,0.7566070390679075
te00992,0.6038210274933945
te00993,0.26962959214339743
te00994,0.3916194160951892
te00995,0.4704488919923557
te00996,0.21846598544043647
te00999,0.5496552802331313
te01002,0.2203524290033721
te01003,0.25704665555927864
te01007,0.6705987523703472
te01008,0.3069169272251321
te01009,0.26202433884441195
te01010,0.38282706657833215
te01011,0.5602312485137048
te01013,0.4054600977851994
te01014,0.5954980541702336
te01015,0.22677580622334675
te01017,0.4974834100779131
te01018,0.4452399967226944
te01019,0.20225636313362147
te01020,0.38582803564816764
te01022,0.37707178467170743
te01023,0.2734715857693572
te01024,0.7438178143713239
te01027,0.4242759068382233
te01029,0.2519761067458606
te01030,0.39674294045752106
te01032,0.21685284184048298
te01034,0.32430892468828254
te01035,0.3633162324042878
te01037,0.3102133847074978
te01038,0.8072822360137165
te01040,0.565832565801987
te01041,0.2582898205658084
te01042,0.2787449817272005
te01043,0.41892817358087353
te01044,0.31347767271426796
te01046,0.405027838732194
te01047,0.770505213330615
te01048,0.4122021866908821
te01051,0.46910077652236803
te01052,0.2084022421557422
te01053,0.2913816710966165
te01054,0.4374411271305287
te01056,0.19607455116841063
te01059,0.3750702858216798
te01060,0.31372623341822214
te01061,0.2533684463873442
te01063,0.6174833254624115
te01064,0.9134953218884354
te01069,0.5107541755051281
te01070,0.49109504715307634
te01071,0.7508756853945339
te01073,0.5045446207315766
te01075,0.2804972370067263
te01076,0.27109768078188873
te01077,0.6667516884205889
te01081,0.2750178712384344
te01085,0.2721736820443125
te01086,0.3366683478292681
te01087,0.30669695306348627
te01088,0.2975254697634245
te01091,0.5008661080621498
te01093,0.665617350999702
te01096,0.7279526195010733
te01097,0.28354700830420304
te01099,0.5297524749080841
te01101,0.32133420705371285
te01102,0.29695101400154256
te01103,0.27139378361965594
te01104,0.3078219561537551
te01105,0.40100604344322244
te01108,0.3619895026409352
te01109,0.48699937424092576
te01114,0.34824310732037145
te01115,0.3840091173046842
te01116,0.37260401726905396
te01117,0.35829546438985294
te01118,0.5805047061040782
te01119,0.38485991444688855
te01121,0.3600399478082207
te01123,0.4226381185649384
te01124,0.6113876219779733
te01125,0.29094877263936336
te01128,0.651144922311296
te01130,0.4767954273964336
te01131,0.22795463983038017
te01132,0.2927443577351384
te01135,0.2762031310849571
te01136,0.3612800558536456
te01137,0.5335930700134894
te01140,0.3930516020112127
te01141,0.36672100009941766
te01142,0.5354588022782614
te01146,0.6264492489400786
te01147,0.3343799762215062
te01148,0.43528230555305486
te01150,0.6036388430657295
te01153,0.46511971448559836
te01154,0.26693390959948143
te01155,0.5212836616410639
te01156,0.28869473968143494
te01157,0.34901534081050956
te01158,0.6988459235417354
te01162,0.3412722732733352
te01165,0.3694349605935911
te01168,0.4294603866611475
te01169,0.414125855651356
te01170,0.4166365154112331
te01171,0.47495906217909856
te01172,0.4701231962425258
te01173,0.5069866636598411
te01174,0.392827291905219
te01177,0.3079979634655371
te01178,0.7575660973676782
te01182,0.5667543156004671
te01183,0.38229485728635093
te01184,0.4397672940456291
te01186,0.35590101461022305
te01187,0.4199371523148417
te01190,0.6840663864236582
te01191,0.32321670642654554
te01192,0.486502247435435
te01193,0.3645806115785804
te01195,0.3284973175626569
te01196,0.2774645730721323
te01197,0.4321717417295892
te01198,0.4286160773558391
te01199,0.33127133492039657
te01200,0.3903432386176502
te01201,0.46109826235638135
te01203,0.2755847044170396
te01205,0.4541817793972045
te01207,0.5180111304611893
te01208,0.37897796292846947
te01209,0.3123345243207382
te01210,0.25172701348926085
te01211,0.5875611438754276
te01212,0.34578239620987794
te01213,0.4546790001379864
te01214,0.2634212237261478
te01215,0.4469509719775458
te01218,0.26012204667692296
te01219,0.25583571335123556
te01220,0.7417913465220176
te01221,0.2745029592268312
te01222,0.2678673944270601
te01223,0.5533781497617581
te01225,0.6950027193143613
te01226,0.848308847977883
te01228,0.40077788512894164
te01229,0.5153813514490444
te01230,0.8058116322967188
te01231,0.4075517692832676
te01232,0.38222971320183685
te01234,0.46646236616212455
te01237,0.2997153296184286
te01239,0.7164190429566828
te01240,0.37050318028853424
te01241,0.5880293540268784
te01242,0.5657203410507183
te01244,0.3190881157506714
te01245,0.6899090843451084
te01246,0.39303593288267386
te01248,0.7741371953329487
te01249,0.26158553019828035
te01250,0.3632287614873786
te01251,0.2839861178584961
te01253,0.38630334969973923
te01254,0.45167430385027496
te01255,0.5549520242664332
te01256,0.5107975951833462
te01257,0.5577915467461981
te01258,0.38154797722077705
te01259,0.6036388430657295
te01260,0.3340341164594369
te01261,0.5333237989722327
te01263,0.6022426173929293
te01266,0.35761995224715976
te01267,0.3363615322013966
te01272,0.3602381439697944
te01273,0.6030701243925327
te01274,0.34417607810998646
te01275,0.3876065966245541
te01277,0.6430520453019263
te01279,0.27876184386871816
te01282,0.2377654197493366
te01283,0.333062776658603
te01286,0.4005366415470986
te01287,0.33743294915273986
te01288,0.7503756190191652
te01289,0.41194547161806394
te01290,0.4628066856051303
te01291,0.45827225143783573
te01292,0.6430520453019263
te01295,0.8929307166395093
te01297,0.3998905992400357
te01298,0.5066495772268673
te01300,0.2014774330378345
te01301,0.7673140587970103
te01302,0.2977247240299004
te01306,0.7845475724323749
te01307,0.3225042694431106
te01308,0.5576367774239398
te01310,0.5509281666903876
te01311,0.3203765684192109
te01312,0.535922259557073
te01315,0.3086641341279589
te01316,0.3597578657789272
te01317,0.26560979949895797
te01318,0.35838252753915667
te01319,0.35609571511744664
te01320,0.32561749716063415
te01323,0.31514015908185
te01324,0.42795221293456365
te01325,0.618452701790763
te01326,0.6626392950720933
te01328,0.46085294351751466
te01331,0.36649928471837706
te01335,0.7590468125938051
te01336,0.5045592361817687
te01338,0.2394185306219201
te01339,0.2825886151658259
te01344,0.30877101606186796
te01345,0.42539020436615527
te01347,0.2804972370067263
te01349,0.5145212838671542
te01350,0.31023901225503275
te01351,0.2630926542830023
te01352,0.3218556651249388
te01353,0.6632156415702867
te01356,0.37598680665784134
te01357,0.6270436676442877
te01358,0.5559623883116909
te01359,0.351240755690077
te01360,0.28018486035994067
te01361,0.5956554019920253
te01364,0.3172555499355697
te01365,0.3258406212852995
te01367,0.46380363650444567
te01370,0.32104210103628356
te01371,0.38750197290097554
te01373,0.5601140968379036
te01375,0.3246106193221696
te01376,0.2564637657986323
te01377,0.6440406767421047
te01378,0.3429304353571337
te01379,0.37361213881788924
te01381,0.5925521118463976
te01385,0.3177092379467603
te01386,0.42945052192943917
te01387,0.6015701044105546
te01388,0.4451596543301386
te01389,0.22890568210234633
te01390,0.5048362309613973
te01391,0.6071743656796676
te01392,0.40793851177382745
te01395,0.28472456126885826
te01396,0.34008728057978804
te01397,0.30351545742871167
te01399,0.3589307029602224
te01400,0.3664109323552129
te01402,0.28601886646366875
te01403,0.3169362056232114
te01404,0.6071743656796676
te01406,0.3468619040172312
te01407,0.44015741067414205
te01410,0.364945953339329
te01411,0.5662192647506612
te01413,0.5427079449143584
te01414,0.38019899673477947
te01416,0.2063565749785455
te01419,0.2900990964921247
te01420,0.47151554250746774
te01422,0.2539813519335465
te01424,0.2503804002729436
te01426,0.32699098740262644
te01427,0.4307744593094187
te01430,0.3961479162404037
te01431,0.40232720626859386
te01435,0.3498896733928352
te01438,0.5028858581100416
te01442,0.3194953806003117
te01443,0.46101892834822367
te01447,0.6166181750592991
te01448,0.31628035279388095
te01449,0.22579535787717114
te01451,0.3380113588450879
te01452,0.31456445363348506
te01453,0.3816580444314738
te01456,0.7693115398125256
te01457,0.5674624039478267
te01459,0.3925578608270847
te01460,0.2642991202290204
te01461,0.7065380590731791
te01462,0.41990044115963016
te01463,0.5164252034855116
te01466,0.2601227516462134
te01470,0.2835997538115856
te01472,0.2777934386487964
te01473,0.34284400843505863
te01474,0.28471681036535057
te01475,0.4244798320082874
te01476,0.3556615811267235
te01477,0.3267135752670789
te01479,0.29832175314954373
te01480,0.2595786755848121
te01481,0.2139407489119656
te01482,0.6403611157345671
te01484,0.6334758842347091
te01486,0.6778923175555175
te01487,0.31288838599700364
te01488,0.3765759315475741
te01490,0.4013212298758861
te01491,0.36350579262625426
te01492,0.46979145970348596
te01493,0.6404480231375784
te01494,0.28415234260329075
te01496,0.4284717754333326
te01497,0.4574399691280179
te01499,0.715828514162071
te01501,0.38069665897201943
te01502,0.48252422574924214
te01504,0.3200791109934506
te01506,0.6377108904356706
te01507,0.2552386349128447
te01508,0.8931850712700373
te01510,0.34927413445241134
te01511,0.7124221219423116
te01512,0.5693297957979068
te01513,0.22006369330074627
te01514,0.31837761774086576
te01515,0.3098703623715231
te01516,0.4404946715675928
te01517,0.9412831086076736
te01518,0.36423066846413554
te01519,0.9426504129835579
te01522,0.26616281936213637
te01523,0.3456699384276894
te01525,0.4705392528488259
te01526,0.5386993294692997
te01527,0.18697233525880427
te01528,0.3054457078363059
te01530,0.33592698755556877
te01533,0.3000416571966554
te01535,0.2835328754429462
te01536,0.3561515883453825
te01537,0.23884158971375916
te01538,0.1712671569633418
te01539,0.2742230015031507
te01542,0.3513998157090401
te01546,0.38896398015950673
te01547,0.7528188459908278
te01550,0.4077385404262517
te01552,0.430054734008304
te01555,0.5367993186387213
te01558,0.3478083911498181
te01559,0.5961698972296969
te01560,0.5425378493392875
te01561,0.2732406531727638
te01563,0.35067009743140176
te01564,0.6065587411951204
te01565,0.8200651777426184
te01566,0.5033912025697244
te01568,0.6339016702193265
te01569,0.3113862735775053
te01570,0.29724885993233424
te01571,0.3611234305493859
te01572,0.4957250064310399
te01573,0.3062552303096635
te01574,0.28399864007904546
te01577,0.2855488461637654
te01578,0.2874900040751581
te01579,0.37174680124513876
te01581,0.33346252910777335
te01582,0.40204640503999545
te01583,0.6361431128044619
te01584,0.3021746777293338
te01585,0.3552659061355437
te01588,0.44731111049473915
te01589,0.8717809005761904
te01590,0.5954980541702336
te01591,0.2963475461254281
te01592,0.36428325635330183
te01593,0.3294879472534805
te01596,0.32857917769106376
te01598,0.441782849816421
te01600,0.6130142327229635
te01601,0.6561392524182961
te01602,0.7096097866128017
te01604,0.548733110630653
te01606,0.36817154319596185
te01607,0.3507149303464965
te01608,0.2521434916554994
te01610,0.3750702858216798
te01611,0.30026580462553276
te01612,0.5452750800390118
te01613,0.2920218562816702
te01615,0.5636426910957003
te01617,0.4306048497327462
te01618,0.5137261690715663
te01619,0.32098668909701844
te01620,0.33355070497363265
te01621,0.5706835917994886
te01623,0.37138141206283554
te01624,0.420151182658947
te01626,0.3830350769597654
te01628,0.4378998927125591
te01629,0.3511699341728763
te01630,0.3639023006980173
te01631,0.507077274590618
te01632,0.3483218897475177
te01633,0.4088814502442583
te01634,0.6353030976395798
te01635,0.42302932088240847
te01637,0.33575094474613454
te01641,0.21358031161704677
te01642,0.42674868964496876
te01647,0.39334150389841377
te01650,0.6598379258315173
te01652,0.2613001796023157
te01654,0.5032928338749003
te01657,0.20049290171378406
te01658,0.40232720626859386
te01659,0.21768969090121243
te01660,0.35725291626539213
te01661,0.44610632720595295
te01662,0.35419603720098014
te01663,0.6404991003130276
te01664,0.48632958957028033
te01665,0.5023982793228063
te01666,0.5571441817137117
te01667,0.4055112226381301
te01669,0.25684281527100156
te01670,0.4202120666816541
te01671,0.429288382628681
te01672,0.36066154963570385
te01674,0.35905542408805524
te01676,0.5730101156117703
te01677,0.6346761359717015
te01678,0.438345001809779
te01679,0.21783688355654343
te01680,0.5291758529888418
te01682,0.32110288138061804
te01683,0.6085937013521782
te01684,0.37522545360587567
te01686,0.28422100695213337
te01689,0.5860095219380973
te01690,0.5407245206906751
te01691,0.5126877541426816
te01692,0.2565827297074539
te01693,0.4262532435762177
te01697,0.6122500375020227
te01699,0.28827418519531073
te01702,0.32463746371643504
te01703,0.2836249590690363
te01705,0.4653461836830314
te01706,0.24768413198826406
te01709,0.2648941932026751
te01710,0.686708796092964
te01711,0.6266159905531703
te01712,0.37601851329532615
te01713,0.7033516424291025
te01714,0.26771029313707684
te01715,0.8685265369908709
te01717,0.496061866639481
te01718,0.44358430484233957
te01719,0.4168542501548182
te01720,0.3022546332950416
te01721,0.23859219380589225
te01722,0.4413767055036533
te01723,0.7628479376607443
te01724,0.30030783532718813
te01725,0.5028370229925616
te01727,0.3317858252341756
te01728,0.40428712178779497
te01731,0.420463344200826
te01732,0.36247692405262805
te01734,0.41591039315939754
te01736,0.4992328002480992
te01738,0.6679640441753736
te01739,0.27290853305110524
te01740,0.6554117265125257
te01741,0.43252295425921755
te01742,0.25115665824290695
te01743,0.32733180090151154
te01744,0.4497208331797186
te01745,0.7419614842391772
te01747,0.28636918717802556
te01748,0.38088644006009154
te01750,0.22507688675776938
te01751,0.48632958957028033
te01752,0.29014261410226305
te01753,0.45751879779500215
te01754,0.21022022073592803
te01757,0.31840580017184245
te01762,0.2242026611052798
te01763,0.24926893385202945
te01765,0.5395109712425729
te01767,0.4291723735981967
te01768,0.440416767839633
te01769,0.37458653179660883
te01771,0.6792761538439804
te01772,0.32104210103628356
te01773,0.4080019145025225
te01774,0.3673072548450899
te01775,0.332140036145577
te01778,0.39902493509793274
te01779,0.4126793926753667
te01780,0.5592138784878562
te01782,0.3757970300131736
te01783,0.4240227142432759
te01786,0.6515084525865752
te01787,0.23930025758919102
te01789,0.41902687928156496
te01791,0.4066388960731186
te01794,0.3036471558509928
te01795,0.4349947363025621
te01797,0.26417809895926475
te01799,0.4804805323819662
te01802,0.4031651463818287
te01804,0.34015342391935854
te01805,0.47227906547315884
te01807,0.4136026028545351
te01808,0.6264492489400786
te01809,0.3598729346800667
te01810,0.4724497389819898
te01811,0.2063565749785455
te01813,0.445523032913302
te01815,0.3684123544481459
te01816,0.24028180157271298
te01817,0.3991422077988845
te01820,0.6183287470597892
te01821,0.376847866612195
te01822,0.37231168903828504
te01823,0.17956034375987245
te01824,0.5269316082941731
te01828,0.2758689660636063
te01829,0.5688951661842145
te01830,0.2854123763888767
te01832,0.30857537066442553
te01833,0.2719182979395265
te01836,0.3333266484294602
te01837,0.2559113008211005
te01839,0.4025785511210704
te01840,0.45897090574570903
te01841,0.34439168289892313
te01843,0.3292914955856999
te01844,0.1995935728766749
te01845,0.5017769887300236
te01846,0.6839425255370948
te01847,0.35104266799194983
te01848,0.41423935187963107
te01851,0.4107311553651072
te01853,0.5130155597146291
te01854,0.4025449949608582
te01855,0.697568442419179
te01858,0.32127442357092634
te01859,0.3098805785504445
te01860,0.8317553180419551
te01861,0.2963861271697503
te01862,0.32438084384956856
te01864,0.3611215453026806
te01865,0.4036929084477919
te01866,0.2554872423403659
te01869,0.43895306458172767
te01871,0.7135083982540159
te01874,0.44602179555369953
te01876,0.5199583684388687
te01880,0.3407516605776957
te01881,0.3528868895662256
te01882,0.18981794713879918
te01883,0.36906636206218957
te01885,0.28389947800521154
te01886,0.29835781677172957
te01888,0.22890984326211236
te01889,0.3557361220388088
te01890,0.44542090376415877
te01893,0.5908274985957516
te01894,0.3661295881116385
te01895,0.36979165322573576
te01897,0.39014742033819994
te01898,0.2900990964921247
te01901,0.320058322888623
te01903,0.38983697932589517
te01904,0.6239893859845667
te01909,0.4598192772020278
te01912,0.7863048160485012
te01913,0.36464397398955956
te01914,0.33645107244121164
te01915,0.3232060600676378
te01916,0.6414366809959776
te01917,0.5634979146721498
te01918,0.5042256302290081
te01919,0.5315626074837619
te01920,0.4282319431124963
te01921,0.4582495741283879
te01922,0.44804102420907244
te01923,0.34098971338630457
te01926,0.376324268021413
te01927,0.4570713127474796
te01928,0.29199896788321006
te01929,0.3110341236691427
te01930,0.539669761937762
te01931,0.35937180470633473
te01932,0.48772888785531
te01934,0.37093984622910775
te01935,0.39155421709399624
te01938,0.3599192529724357
te01940,0.2810938242520666
te01941,0.23387508878402138
te01942,0.4364492613401242
te01943,0.2503928896255264
te01946,0.5026051580777239
te01947,0.36879933904234025
te01949,0.7469033274306033
te01950,0.6532160437299264
te01953,0.2386765623969321
te01954,0.6284309783646225
te01959,0.32709742627294214
te01960,0.33767358388943075
te01967,0.28471681036535057
te01969,0.26885193037785293
te01970,0.3232246744968909
te01972,0.3914152498749586
te01973,0.4049732193609103
te01974,0.2881553349585605
te01975,0.3328340814120006
te01979,0.28327060389569075
te01980,0.47392192490121804
te01981,0.7208165585096855
te01983,0.4225365267151819
te01984,0.3440333013091161
te01985,0.3302830919913147
te01986,0.3369028411918765
te01991,0.6040867296476572
te01993,0.6053685536217046
te01994,0.3835290133531086
te01995,0.235772304603616
te01996,0.4523974455890346
te01998,0.5026007887602838
te01999,0.4515191079001506
te02000,0.2768867785724243
te02001,0.7063639418036614
te02002,0.22772466278004377
te02003,0.28740859558612575
te02004,0.3413319570862338
te02005,0.28348045944588934
te02006,0.377272198959112
te02007,0.3674902768076797
te02010,0.38038199088217817
te02011,0.333279718228069
te02012,0.9673466451175972
te02013,0.29367976513752786
te02014,0.4792027413746919
te02015,0.3534001180684887
te02021,0.2199407202798384
te02022,0.38643832129696454
te02023,0.7628479376607443
te02026,0.6079064622066452
te02027,0.2938730478833487
te02029,0.19480563090268432
te02034,0.5748313960465077
te02035,0.3023693235969762
te02036,0.7364010945286615
te02039,0.7255007473770396
te02040,0.31199433877842475
te02042,0.6600702275476787
te02043,0.48921595318489886
te02044,0.2668021588575386
te02046,0.48908748946096225
te02048,0.522744942157632
te02049,0.5853084091328384
te02050,0.2818673832941943
te02051,0.30111846296553
te02053,0.5957725390621922
te02056,0.4265035257557648
te02057,0.40074599299752356
te02058,0.3489414981583449
te02062,0.2859821791892485
te02065,0.4230371846619139
te02066,0.4447385573750365
te02068,0.5442276881747359
te02070,0.5888330671387555
te02071,0.4005705464200652
te02073,0.6774286511627448
te02074,0.2700773720767718
te02075,0.3735936026086537
te02077,0.2925198762568687
te02078,0.43297262150166577
te02079,0.5414281510836265
te02080,0.39024151294417075
te02081,0.33518856090335614
te02082,0.770505213330615
te02084,0.3584576013418801
te02085,0.4045122074711218
te02086,0.3861555638147705
te02087,0.304429860643802
te02091,0.6284309783646225
te02093,0.32416130979958474
te02094,0.30026580462553276
te02095,0.3750009457055082
te02096,0.18772708491161066
te02097,0.6607104758620861
te02098,0.609539390648237
te02099,0.6877715157036685
te02101,0.20236300288265477
te02105,0.3739010995408292
te02109,0.32762927162755956
te02110,0.4816532245629847
te02111,0.46531056835021
te02112,0.6103065446966279
te02113,0.5354588022782614
te02114,0.6565950642964606
te02115,0.5338779087987243
te02116,0.37259684621869466
te02117,0.34534660245640064
te02120,0.20109083873735764
te02121,0.40444133817263767
te02125,0.3006378676314064
te02126,0.3790866750972226
te02128,0.35759935804918347
te02129,0.36301647473231935
te02130,0.5579238907151444
te02132,0.22846493578075341
te02133,0.19643111075527236
te02134,0.4449153002991006
te02135,0.633532944892315
te02136,0.299221046123539
te02137,0.5091279662004711
te02139,0.22382348765453244
te02141,0.5099405908684962
te02143,0.2912558639754478
te02144,0.3599147929178012
te02146,0.3968514481847966
te02147,0.5700596696671669
te02149,0.5512777720560821
te02150,0.25335549578966915
te02153,0.4745160088879058
te02157,0.6654348217548366
te02158,0.5286383064502728
te02163,0.688836172889457
te02164,0.42049495503598217
te02166,0.4124374953135282
te02167,0.26028082038535516
te02168,0.5517708515830624
te02170,0.3425170815746955
te02171,0.286923884980854
te02174,0.2658819777788803
te02179,0.29114279703188023
te02180,0.2645243435280897
te02181,0.36966373064139224
te02182,0.261667241027942
te02183,0.6133596457687897
te02184,0.6773163504423372
te02187,0.6778923175555175
te02189,0.7108204155175969
te02191,0.685692215240451
te02193,0.6317063506770826
te02194,0.35087372945588124
te02195,0.6435733774579628
te02196,0.8284324840626461
te02199,0.1982931081825337
te02201,0.3064396304251136
te02202,0.5285346850587674
te02204,0.40722159322307894
te02205,0.4407045540633998
te02206,0.3594018920010877
te02208,0.36311996122428414
te02209,0.8340989759330094
te02210,0.3632287614873786
te02211,0.27139284256642016
te02212,0.4209242383387429
te02213,0.35416162620130526
te02215,0.272239370540168
te02217,0.5313880736408763
te02218,0.6887759780776397
te02219,0.7994205039933622
te02222,0.34685432767166113
te02223,0.29059498594778155
te02224,0.9654710926256557
te02225,0.3208580665460082
te02226,0.8205148674222118
te02227,0.3686354839689187
te02230,0.4193933400391444
te02231,0.360169078767525
te02232,0.36268645828613083
te02234,0.3744377292345639
te02235,0.24598327156221061
te02236,0.651144922311296
te02238,0.49318255783140996
te02239,0.31015912082480124
te02240,0.3046804444967665
te02241,0.3718513488105225
te02242,0.2738748337204408
te02244,0.32923998805943533
te02248,0.34764825289673207
te02249,0.7422115063335473
te02251,0.3647859598608655
te02253,0.5015635655140798
te02254,0.4921015931305852
te02255,0.8316568657503757
te02256,0.29565377849384095
te02257,0.28821067767535363
te02258,0.3624937246242758
te02259,0.5993502549512018
te02261,0.4110396794744601
te02262,0.27331832466206163
te02263,0.5517708515830624
te02265,0.3541276702476539
te02268,0.45200827635223484
te02269,0.440464014868724
te02270,0.5813399672790565
te02271,0.20737900947783378
te02272,0.29717466657839525
te02273,0.48393535512244046
te02277,0.71051125476214
te02278,0.36690956184442336
te02279,0.308531832470507
te02280,0.2930331839820595
te02283,0.5228899333389562
te02284,0.24781649350985802
te02286,0.4487039890859384
te02287,0.34929688241451246
te02288,0.658314903647233
te02289,0.2498586351335462
te02290,0.4482449617206149
te02291,0.31288838599700364
te02292,0.4093407942349191
te02294,0.24772326739508746
te02295,0.6155748497642016
te02296,0.4267433534246558
te02297,0.3617397790361057
te02300,0.31636564922219235
te02301,0.3383560420838321
te02302,0.4691473249012671
te02304,0.4312621965380388
te02305,0.6174714996446136
te02307,0.28342585879143506
te02309,0.3938680763205255
te02311,0.5123964066456399
te02312,0.3465971077763483
te02313,0.40715510566780233
te02314,0.32210668093764383
te02315,0.4005809084029623
te02317,0.3851031447174219
te02319,0.5223221407779778
te02320,0.33991716731132654
te02322,0.28261933373696935
te02323,0.28221282092583266
te02324,0.4098574841168818
te02328,0.33440689728059525
te02329,0.2933798037928741
te02331,0.31958770546362036
te02332,0.31657053731117113
te02336,0.26783856201129386
te02337,0.37860227334050245
te02338,0.2622559755958238
te02339,0.3503359645921139
te02340,0.3506921101606804
te02343,0.5433620018928136
te02344,0.28376618737685466
te02347,0.5581008318572864
te02350,0.20873907982201936
te02351,0.9122450795506292
te02352,0.32824763826680714
te02353,0.31131737175707086
te02355,0.25062589223396065
te02357,0.2724931657609409
te02358,0.5230981639217962
te02359,0.650508261443978
te02360,0.3490184288074491
te02361,0.4287296234492092
te02362,0.25108881224560214
te02363,0.36694946735943695
te02365,0.6647794552676733
te02367,0.5507351083510368
te02369,0.3429304353571337
te02371,0.7658186793044857
te02372,0.3095344950082852
te02373,0.4916102433993014
te02374,0.3188648631053417
te02375,0.3887273352758209
te02376,0.33894714227179257
te02377,0.48019066129395865
te02378,0.37453626298796183
te02379,0.32541504577381414
te02385,0.36179257638591117
te02386,0.3320870947204491
te02389,0.47688439992010245
te02390,0.7090262855674142
te02391,0.2839597928335836
te02392,0.3138814156242552
te02393,0.3062552303096635
te02394,0.31467577644701494
te02398,0.5683244814494306
te02400,0.19388652307389137
te02401,0.6941175233693558
te02402,0.2994364465392381
te02404,0.49970212788267393
te02405,0.5323385198143962
te02406,0.8447765513281945
te02408,0.4194665998335859
te02409,0.2633765684873272
te02410,0.25003496574406703
te02411,0.8373256494017687
te02412,0.606489304164978
te02414,0.6652067937448348
te02415,0.40510899787867805
te02416,0.3383159726013869
te02417,0.42049495503598217
te02418,0.23054077222886296
te02419,0.586929381865026
te02420,0.5492259532419638
te02421,0.29822397365885017
te02423,0.3086543605978602
te02424,0.3641698211195349
te02426,0.30533305579097586
te02427,0.856785124595458
te02431,0.3218556651249388
te02432,0.7996602648457177
te02433,0.4197568442423198
te02434,0.22598669432111787
te02435,0.3726532903769124
te02436,0.3873277455033153
te02437,0.5389334162637749
te02442,0.4298603101751862
te02445,0.28234548485929045
te02446,0.22772466278004377
te02447,0.6300855716419667
te02453,0.26117085930378603
te02454,0.6000642862618986
te02457,0.2543481364162637
te02458,0.32210668093764383
te02459,0.2692496228939617
te02460,0.592479870899337
te02461,0.33722111636970004
te02462,0.30133983383951995
te02465,0.5683244814494306
te02466,0.34526663955531617
te02467,0.4142028620088626
te02469,0.45668894685819056
te02470,0.33258967439378867
te02474,0.3227546627640522
te02475,0.5238521940091424
te02476,0.425629916932796
te02478,0.20656413745487426
te02481,0.5550376881670785
te02484,0.2774645730721323
te02486,0.27965522754393357
te02487,0.28550956298204366
te02488,0.4416211217372487
te02489,0.5624437777697247
te02490,0.2571588267928715
te02492,0.8099368951920772
te02493,0.3929545716950686
te02494,0.24813440234891815
te02496,0.572352814527556
te02500,0.3404185495759364
te02502,0.5482639129357669
te02503,0.2914304534943826
te02507,0.7568854552501704
te02508,0.279511203637177
te02510,0.3507176781332777
te02511,0.38056215852145503
te02514,0.3653644811818911
te02515,0.21025041548435558
te02516,0.3317403729889669
te02517,0.37184065581014086
te02518,0.22070196155924773
te02519,0.26616281936213637
te02520,0.33620955739761954
te02521,0.38323442461177154
te02522,0.41595514310808107
te02524,0.2121436420548876
te02525,0.5026444186705853
te02527,0.27082373268911386
te02528,0.5578426719354334
te02531,0.6676682306451479
te02535,0.1878745642534817
te02536,0.2947255446181726
te02537,0.24519367129957592
te02538,0.5900637887494772
te02540,0.3098523903896938
te02541,0.3217177007275705
te02542,0.2594557700082649
te02543,0.3421694670138513
te02544,0.4592576329379115
te02545,0.4975154595637946
te02546,0.34051739794100594
te02547,0.6136726338953443
te02549,0.45970799140492624
te02550,0.39828121116943715
te02552,0.21408859424430862
te02553,0.21728230675431007
te02554,0.33699614413524404
te02555,0.2910144109242003
te02557,0.30335562335361466
te02559,0.49232888749662734
te02561,0.3930516020112127
te02562,0.2366960880427027
te02563,0.3290925726155408
te02565,0.3399504406331542
te02566,0.8857446257852658
te02567,0.3609813365387234
te02568,0.2286788834365623
te02569,0.22606297006675805
te02571,0.8279138274252088
te02572,0.327032809252704
te02575,0.6145841883428826
te02576,0.6618650215308051
te02579,0.33569877673391924
te02580,0.4691473249012671
te02581,0.22437845508162427
te02582,0.4070042008172208
te02583,0.2901789340349397
te02585,0.30869359009264913
te02586,0.4442615916342471
te02587,0.5117320315359718
te02588,0.42848824286670484
te02591,0.32190441695655225
te02592,0.43122160691135025
te02593,0.4878665829376063
te02594,0.3658689817651602
te02597,0.2813150863240388
te02598,0.2943418646899301
te02601,0.40270228298852273
te02602,0.7689929526586288
te02605,0.3774323310185792
te02607,0.4762482102348322
te02608,0.4265035257557648
te02609,0.46040404868192075
te02615,0.751010724452141
te02616,0.3180171482896923
te02617,0.5528748668703979
te02618,0.3936207141456011
te02619,0.35251568538133715
te02620,0.3796432181296538
te02621,0.41380726590495887
te02622,0.3373562921966896
te02623,0.4896644130417596
te02624,0.3730351263594299
te02626,0.2370744270174814
te02627,0.7662091558472641
te02629,0.29724523699767147
te02630,0.272203616397456
te02633,0.8463979071534521
te02635,0.5939967010884448
te02636,0.2272447294515267
te02639,0.7164822075410262
te02640,0.2700773720767718
te02641,0.36423066846413554
te02643,0.649996857277387
te02645,0.4492936822576728
te02646,0.46623458651914473
te02647,0.41862007817207325
te02648,0.5094288214045295
te02650,0.33890055514341655
te02651,0.42413159657787564
te02656,0.8075679300149212
te02657,0.37644349435015145
te02659,0.24560966185468092
te02661,0.4401764250107821
te02662,0.5466156871993374
te02665,0.19001250503467643
te02666,0.1716467909651241
te02668,0.37101565244001156
te02669,0.7411279595541269
te02670,0.4323234607766109
te02672,0.2679130292372457
te02675,0.7880942127405919
te02676,0.28177114953655547
te02677,0.3390554021788221
te02678,0.5829543979334224
te02679,0.23282375622339796
te02680,0.21694462578717855
te02681,0.6015437398334441
te02682,0.23677780429162873
te02684,0.3468250098301808
te02687,0.4050736312300507
te02688,0.7519840274738472
te02690,0.3152098306283765
te02691,0.5436129862339608
te02694,0.37089753967920047
te02696,0.4403829108884587
te02697,0.23049983605447322
te02701,0.25975168575312113
te02702,0.23390215838675238
te02703,0.8374878483231497
te02705,0.577251477697875
te02706,0.3677131449548668
te02707,0.22279474355378515
te02710,0.3522796335313913
te02711,0.5455219168469259
te02712,0.3383337769136235
te02713,0.31226704909690234
te02714,0.33524468136648305
te02715,0.6397179542858907
te02716,0.5531007850254416
te02718,0.2272447294515267
te02720,0.3732474302393366
te02722,0.5678855280770227
te02724,0.48240218584415573
te02725,0.27788950113365934
te02726,0.4192747706112012
te02727,0.5559623883116909
te02730,0.29910407367574166
te02731,0.3160252760031329
te02732,0.3929241054485168
te02735,0.4017722954344863
te02736,0.6806473269339017
te02737,0.7164190429566828
te02739,0.2847413013035179
te02741,0.2913816710966165
te02743,0.3054642315688532
te02746,0.505492372276638
te02747,0.2826987608333698
te02748,0.3531768543354768
te02749,0.23769419721946
te02750,0.31210676279982824
te02751,0.3365600433265559
te02752,0.37680634027742554
te02753,0.35136169810933665
te02754,0.21814365360449792
te02755,0.25749992870870986
te02756,0.4610445969196134
te02758,0.39996655403445847
te02759,0.2853131320010401
te02762,0.5379837287217787
te02763,0.8929307166395093
te02765,0.5829543979334224
te02766,0.3570746352687951
te02767,0.366556571090275
te02768,0.2623374739242609
te02769,0.4497208331797186
te02772,0.24883427766971672
te02773,0.26491002829058663
te02775,0.4263073546963152
te02776,0.6719655661272836
te02777,0.3840312775050141
te02778,0.764699063488315
te02781,0.34785874378391607
te02783,0.3011827087600886
te02785,0.63525529173046
te02786,0.45815124955160136
te02788,0.5433620018928136
te02790,0.36893112421064017
te02791,0.5813092941074038
te02794,0.39355725919414347
te02795,0.3544905184383421
te02797,0.40670371110557074
te02799,0.5996335705019559
te02800,0.2901945597120152
te02801,0.3018804656938881
te02804,0.4216938731410169
te02805,0.42196163628147954
te02808,0.8205148674222118
te02809,0.4377665373840262
te02810,0.4078942847178827
te02811,0.539669761937762
te02812,0.29101208094448605
te02813,0.4521974622332176
te02815,0.8374878483231497
te02820,0.21076116905114772
te02822,0.5957490816323835
te02824,0.3286341409971556
te02825,0.5376939599881321
te02826,0.7052907351573718
te02827,0.39898713950451137
te02828,0.5047058285312619
te02831,0.3826440104860476
te02834,0.48738344322043037
te02836,0.4489638864664007
te02843,0.37930728490568727
te02844,0.3296067457308578
te02845,0.31329780398314816
te02847,0.3162820877761973
te02848,0.22423001276386206
te02850,0.31500286648977044
te02851,0.30576221195132197
te02854,0.6532160437299264
te02855,0.24534511328475703
te02856,0.25008738234279076
te02858,0.5834128646912686
te02859,0.20405778280914785
te02863,0.8205148674222118
te02866,0.6078093256710074
te02867,0.2030188472642443
te02868,0.4205130284918129
te02870,0.6232413016121516
te02871,0.4482905298820867
te02876,0.3478402529215315
te02877,0.6745145175991827
te02878,0.5607833377806206
te02880,0.4796877822659633
te02881,0.34300206749860424
te02882,0.22503185355548694
te02883,0.2686786474779688
te02885,0.26165745166925775
te02888,0.277949794365948
te02890,0.29949360567151284
te02891,0.40554504712347883
te02892,0.25992333732963735
te02894,0.3073271999139014
te02895,0.33101751308353733
te02896,0.40604297618748836
te02897,0.3486372694030891
te02898,0.6844226704961676
te02899,0.6243955177206311
te02902,0.42763404729428306
te02904,0.6057277755311432
te02905,0.4371435493236646
te02907,0.573730944014605
te02908,0.622562619753079
te02911,0.3538881984341317
te02912,0.5725989849338281
te02914,0.46405495742546565
te02915,0.19184399290141602
te02916,0.45378331914503695
te02920,0.5000041029150316
te02922,0.4335016446748922
te02925,0.36570212138533437
te02926,0.5870897169814429
te02930,0.5436129862339608
te02933,0.24254669666739304
te02934,0.4049984090008551
te02935,0.23233109109938743
te02936,0.43994237919113927
te02937,0.47356779897956813
te02939,0.3007384993417239
te02942,0.5965239024179492
te02943,0.47650963145825587
te02944,0.539669761937762
te02945,0.3660305872726934
te02947,0.520271936413316
te02949,0.7130035412397818
te02950,0.43120446303583904
te02951,0.23456980770094732
te02953,0.8039357906121022
te02954,0.30645883352742237
te02956,0.4278712793637341
te02957,0.5736816307128947
te02958,0.5137916266447543
te02960,0.5054623299522458
te02961,0.24813440234891815
te02962,0.3395299402241534
te02963,0.4840274720516098
te02964,0.5939004427033542
te02967,0.37230529780618044
te02969,0.32491366700769814
te02970,0.3345492041965336
te02971,0.7165575046934566
te02972,0.6592071874142584
te02973,0.35609571511744664
te02974,0.2623765583329014
te02976,0.3889656112285963
te02978,0.27105639078438304
te02981,0.8083075370366479
te02982,0.2901789340349397
te02983,0.4864315017157359
te02984,0.34585516365354707
te02985,0.45076734008972535
te02987,0.5831933322013543
te02989,0.5628660303881445
te02990,0.5148423312541227
te02991,0.41355136567874917
te02992,0.43031631102441237
te02993,0.716459621722707
te02994,0.5671895748658569
te02995,0.3389213893662345
te02996,0.3441027481484099
te02998,0.44009172426578896
te03001,0.3259911945560216
te03002,0.4418492922733106
te03003,0.2625850041990877
te03004,0.5058688904230051
te03005,0.3589235383042992
te03007,0.46853815072991734
te03008,0.3515796248828268
te03009,0.4287686963098435
te03011,0.36406689799233294
te03013,0.4716253827113276
te03014,0.37613711953501316
te03015,0.3903164851663063
te03016,0.4587461025205768
te03017,0.40288125397993374
te03018,0.417574621149663
te03022,0.2815914057410111
te03023,0.3079979634655371
te03024,0.30576221195132197
te03025,0.9437124817453659
te03027,0.40510899787867805
te03029,0.23884158971375916
te03030,0.5666642908651798
te03031,0.43738875677656464
te03032,0.505492372276638
te03033,0.28275055304651336
te03035,0.7601333226289875
te03036,0.6275796694044948
te03037,0.37680634027742554
te03039,0.5203740553866959
te03043,0.38349949037749365
te03045,0.32561749716063415
te03046,0.5521424054076669
te03047,0.2818505928441219
te03048,0.36311502404471335
te03052,0.3469871265307309
te03053,0.7572845685368991
te03055,0.3000217865503373
te03056,0.3241258920389173
te03058,0.7341513222137858
te03059,0.39021727606556816
te03065,0.5699344234859941
te03066,0.1801092545390474
te03067,0.3358374728587587
te03068,0.7248252744637379
te03071,0.25481823501561296
te03073,0.3684778364922724
te03074,0.7707168806377015
te03075,0.3783851272847321
te03076,0.24891952134086
te03078,0.19239638658241956
te03081,0.3479207989199269
te03082,0.3160403089030036
te03083,0.47938326187652053
te03084,0.2800449893532413
te03085,0.423378636806994
te03088,0.4588865996146188
te03089,0.4847733843993756
te03090,0.3273104240942487
te03091,0.32179732598134436
te03092,0.2795252962507325
te03094,0.2566975420512213
te03095,0.4436326973904148
te03097,0.8168446098516616
te03098,0.3034816429692596
te03099,0.38066065870202614
te03100,0.40207855472641596
te03101,0.289030126151285
te03102,0.2315536468778767
te03103,0.5135622960458264
te03105,0.6842631605321629
te03106,0.6113793042533013
te03107,0.24870935536599018
te03109,0.6355049037852539
te03110,0.3594154348620954
te03111,0.3346428989039016
te03112,0.4423892842311596
te03113,0.3332745123232554
te03115,0.5871421322732058
te03117,0.24706524061064047
te03119,0.47589287898327165
te03121,0.777629464971652
te03127,0.3448343104773679
te03128,0.40134335085655276
te03129,0.8642219476840286
te03130,0.4896644130417596
te03131,0.44775429648591164
te03135,0.30857537066442553
te03137,0.2988675266935811
te03138,0.5148423312541227
te03139,0.3313049528149728
te03140,0.2763348355640723
te03141,0.7406249193728717
te03142,0.6334758842347091
te03143,0.16320327882100732
te03144,0.3768489452311065
te03146,0.6433448220354594
te03148,0.307076950802954
te03151,0.3932294688224073
te03153,0.573641898033943
te03155,0.594628054623403
te03156,0.5191340283119145
te03157,0.37302935472885057
te03163,0.3761882026590647
te03164,0.30030783532718813
te03165,0.3808233626851744
te03166,0.48972610387742427
te03168,0.3988526962207495
te03169,0.8889408490063682
te03172,0.49228991647747117
te03173,0.25962402299611226
te03174,0.3671620691626307
te03175,0.43682214396725083
te03176,0.3248426754341851
te03179,0.5329753195219801
te03180,0.6141616677016848
te03184,0.32096672585093133
te03186,0.3546447716851848
te03190,0.21329427925144892
te03191,0.4134448644624265
te03193,0.7107830114145816
te03194,0.9403521135965028
te03195,0.5956830209159212
te03196,0.89040059467879
te03197,0.3324577236580865
te03199,0.4280944459063623
te03202,0.3032033495117018
te03203,0.27136808899114334
te03205,0.6045866229952327
te03206,0.3522207893570902
te03208,0.2364728628364452
te03209,0.3735970003156678
te03210,0.33147530910044143
te03212,0.4021279739245378
te03213,0.33645107244121164
te03214,0.34414204063302234
te03220,0.49607843019528325
te03221,0.300859447291169
te03222,0.31209305103355967
te03223,0.44904770196874083
te03224,0.28525765060915853
te03225,0.5811701363094557
te03228,0.4028804727662476
te03230,0.507491688814515
te03231,0.5230658758725822
te03232,0.4142150992939378
te03233,0.40376396286591
te03234,0.5894782925814634
te03235,0.2224802171718243
te03236,0.5126877541426816
te03239,0.3160544174772636
te03240,0.4271917192985458
te03241,0.3240591811691203
te03242,0.5001318701027461
te03245,0.24440398734898
te03247,0.30442369361638816
te03251,0.25468480474343114
te03252,0.24320441575803953
te03255,0.5628055074820887
te03257,0.3038823260470247
te03260,0.3758464320509607
te03261,0.3903432386176502
te03264,0.2899582200942421
te03266,0.8343267605337721
te03267,0.3151220428132257
te03268,0.31428905339561264
te03270,0.7802503966166783
te03271,0.38037544605263784
te03272,0.3758299577629474
te03273,0.3529778366609059
te03274,0.3684374157892511
te03275,0.2759306869196225
te03276,0.3292017381435311
te03277,0.5288766578978756
te03281,0.39407127324710634
te03282,0.6272737309733637
te03283,0.25262183503738783
te03285,0.26054802154603207
te03286,0.354379191210969
te03288,0.29604841638965956
te03290,0.2801551402876247
te03291,0.6483576016384105
te03292,0.5481634290673034
te03295,0.7880876639720686
te03297,0.36770611875116355
te03299,0.45273982958471953
te03300,0.5640431304307402
te03301,0.343807756585299
te03302,0.38044671396451984
te03304,0.353257110881289
te03305,0.30903644399382285
te03308,0.5954343197975878
te03311,0.29550139722372426
te03312,0.5661035282549615
te03313,0.5092806682839984
te03314,0.5750320133425252
te03315,0.8072822360137165
te03317,0.8256425700567748
te03320,0.18290963166750002
te03321,0.4928102321639636
te03323,0.31444599410081275
te03325,0.30626854073215015
te03326,0.5674624039478267
te03329,0.43880403859067885
te03332,0.27290853305110524
te03333,0.9154476068623122
te03334,0.2248552111943369
te03335,0.5308795967554973
te03337,0.46836613140028477
te03338,0.37001914593079016
te03339,0.660454192622131
te03340,0.43596766033493056
te03341,0.6673997223426168
te03342,0.7888456041826274
te03343,0.7653932691582089
te03344,0.2903970739651101
te03347,0.3098805785504445
te03348,0.3570956289558089
te03351,0.34163226310935735
te03353,0.29807237718376917
te03354,0.586117446429472
te03357,0.3273104240942487
te03360,0.3839383113053213
te03363,0.33784462492333295
te03364,0.4379564651116775
te03365,0.21391501234524624
te03367,0.3951828092944479
te03368,0.23600381847085206
te03369,0.6931440834697126
te03370,0.5748313960465077
te03373,0.28869473968143494
te03374,0.746812662531498
te03376,0.36835123038640755
te03377,0.4153626983753695
te03378,0.5868184862275101
te03381,0.21728230675431007
te03382,0.4202845138033423
te03384,0.3146264446229524
te03386,0.26663273570565293
te03387,0.6187822048643581
te03389,0.38037544605263784
te03390,0.48375000757393327
te03393,0.6598379258315173
te03394,0.27377783027582925
te03396,0.2535391896327959
te03397,0.2286496461461526
te03399,0.23054077222886296
te03400,0.29124095515922205
te03402,0.34422649760789925
te03403,0.5667543156004671
te03404,0.23260543850453555
te03405,0.5530812859366092
te03407,0.5122902671489464
te03408,0.37962259990489655
te03409,0.4731177998609057
te03412,0.23677780429162873
te03413,0.2790952504917951
te03414,0.566386444180299
te03415,0.6764653332779301
te03416,0.4017722954344863
te03418,0.5349914595289107
te03419,0.4187710256846785
te03427,0.21853498207655583
te03428,0.6436190521698408
te03429,0.32127442357092634
te03431,0.5302668693771737
te03432,0.21921215265003974
te03433,0.29259738422022985
te03436,0.6743867334540588
te03438,0.2763815574276328
te03439,0.3761462712397379
te03440,0.583086975061472
te03442,0.41043618789996134
te03443,0.6641374510170553
te03444,0.5119110820344591
te03445,0.21434710671656193
te03446,0.7177843292335989
te03450,0.36821767946373973
te03451,0.513400096500041
te03452,0.5311764018045145
te03454,0.3012384445164793
te03456,0.5637623728218465
te03457,0.39800497864049955
te03460,0.22564253704666226
te03461,0.5517398690783469
te03463,0.2842158460527243
te03464,0.33846681939820045
te03466,0.3680589307385039
te03467,0.31467577644701494
te03468,0.4102477807007009
te03469,0.7900890018283345
te03470,0.18237249771242794
te03471,0.5843665250446841
te03473,0.4677537086017602
te03475,0.4161939648707811
te03476,0.6011704130956131
te03478,0.37260401726905396
te03479,0.7386732034455856
te03480,0.6619150603345954
te03481,0.3791967332290569
te03482,0.4006351537503489
te03483,0.34505766048120506
te03484,0.34862191883572713
te03486,0.3495166589538132
te03489,0.4215334038005658
te03490,0.28212485636955287
te03491,0.6251886891236146
te03493,0.31714484849322144
te03494,0.34486821509572446
te03495,0.4539209133297897
te03497,0.471044313876575
te03499,0.41577181865751445
te03500,0.46972570373710626
te03501,0.34015342391935854
te03503,0.5708319536014159
te03504,0.5258459241457281
te03508,0.5576384314281182
te03509,0.4092215545560318
te03510,0.31583732319057733
te03511,0.7549611178014458
te03512,0.3754575010166304
te03513,0.672095610620024
te03514,0.3312229960996012
te03515,0.5401548236259106
te03517,0.6427410360508908
te03518,0.43305319609318843
te03519,0.4734487389744981
te03520,0.6405635840334504
te03522,0.321382390150896
te03523,0.6381345566490908
te03525,0.4363997883037896
te03526,0.4242989438392867
te03528,0.5449591112046721
te03530,0.2600025552841009
te03532,0.44358430484233957
te03533,0.3565021805219462
te03534,0.7793863512897039
te03535,0.3943353225768313
te03537,0.3675330096406875
te03540,0.4164465946689704
te03542,0.45543415075237564
te03543,0.42537550431182436
te03544,0.25471445934452197
te03545,0.5127862260674803
te03546,0.33933429831131195
te03547,0.24129843393659514
te03548,0.3531098194936476
te03549,0.5678855280770227
te03550,0.39157174937284034
te03551,0.37320289765605996
te03552,0.3123381582554748
te03553,0.5615866448469499
te03556,0.6490227719312728
te03557,0.6223036374687
te03558,0.3222984527105351
te03559,0.5816640000865975
te03560,0.3989949056558594
te03561,0.32590938970722
te03563,0.33684287196148993
te03564,0.28133714863532083
te03566,0.5214874358140651
te03567,0.28793217008867833
te03568,0.301914775668397
te03569,0.44204938830649665
te03571,0.5556487034772032
te03572,0.5707986883576045
te03573,0.38651929440562766
te03574,0.3261148592593086
te03575,0.34534660245640064
te03576,0.3907275629904673
te03579,0.40626356171728145
te03581,0.9141321285383239
te03582,0.3673340311455361
te03583,0.7452555128014076
te03586,0.37987601338166943
te03588,0.4384548613747132
te03589,0.37366860185995127
te03591,0.29462448476623004
te03592,0.40474803073392956
te03593,0.4921693382403188
te03594,0.20988243570172385
te03595,0.6703961522217868
te03596,0.3925552912879283
te03598,0.37620869710945815
te03599,0.25029923738920645
te03601,0.7397092081921609
te03602,0.5508405664641975
